,forward,reverse,reference,url
Animal12S_MiFish_U,GTCGGTAAAACTCGTGCCAGC,CATAGTGGGGTATCTAATCCCAGTTTG,Miya et al. (2015),https://doi.org/10.1098/rsos.150088
Animal12S_MiFish_E,GTTGGTAAATCTCGTGCCAGC,CATAGTGGGGTATCTAATCCTAGTTTG,Miya et al. (2015),https://doi.org/10.1098/rsos.150088
Animal12S_MiMammal,GGGTTGGTAAATTTCGTGCCAGC,CATAGTGGGGTATCTAATCCCAGTTTG,Ushio et al. (2017),https://dx.doi.org/10.1111/1755-0998.12690
Animal16S_MiDeca,GGACGATAAGACCCTATAAA,ACGCTGTTATCCCTAAAGT,Komai et al. (2019),https://doi.org/10.3897/mbmg.3.33835
Animal16S_Amph16S,ACGAGAAGACCCYRTGGARCTT,ATCCAACATCGAGGTCGTAA,Sakata et al. (2021),https://doi.org/10.1101/2021.10.29.466374
AnimalCOI_mlCOIintF_HCO2198,GGWACWGGWTGAACWGTWTAYCCYCC,TAAACTTCAGGGTGACCAAAAAATCA,Leray et al. (2013),https://doi.org/10.1186/1742-9994-10-34
AnimalCOI_BF2_BR2,GCHCCHGAYATRGCHTTYCC,TCDGGRTGNCCRAARAAYCA,Elbrecht and Leese (2017),https://doi.org/10.3389/fenvs.2017.00011
AnimalCOI_fwhF2_fwhR2n,GGDACWGGWTGAACWGTWTAYCCHCC,GTRATWGCHCCDGCTARWACWGG,Vamos et al. (2017),https://doi.org/10.3897/mbmg.1.14625
AnimalCOI_fwhF2_EPTDr2n,GGDACWGGWTGAACWGTWTAYCCHCC,CAAACAAATARDGGTATTCGDTY,Leese et al. (2021),https://doi.org/10.1002/edn3.177
Prok16S_515F_806R,GTGYCAGCMGCCGCGGTAA,GGACTACNVGGGTWTCTAAT,Caporaso et al. (2011),https://doi.org/10.1073/pnas.1000080107
Prok16S_515F_926R,GTGYCAGCMGCCGCGGTAA,CCGYCAATTYMTTTRAGTTT,Parada et al. (2016),http://doi.org/10.1111/1462-2920.13023
Prok16S_335F_769R,CADACTCCTACGGGAGGC,ATCCTGTTTGMTMCCCVCRC,Dorn-In et al. (2015),https://doi.org/10.1016/j.mimet.2015.04.001
FungiITS_ITS1_F_KYO1_ITS2_KYO2,CTHGGTCATTTAGAGGAASTAA,TTYRCTRCGTTCTTCATC,Toju et al. (2012),https://doi.org/10.1371/journal.pone.0040863
Euk18S_1391F_EukBr,GTACACACCGCCCGTC,TGATCCTTCTGCAGGTTCACCTAC,Stoeck et al. (2010),http://doi.org/10.1111/j.1365-294X.2009.04480.x
Euk18S_1389F_1510R,TTGTACACACCGCCC,CCTTCYGCAGGTTCACCTAC,Amaral-Zettler et al. (2009),https://doi.org/10.1371/journal.pone.0006372
Euk_nuSSU1334_50_nuSSU1648_30,CGATAACGAACGAGACCT,ANCCATTCAATCGGTANT,Vainio and Hantula (2000),https://doi.org/10.1017/S0953756200002471